API,Operation,Method,Portal Path (template),Resolved Boomi Backend Call,Notes,Boomi Process (PROD API),Match Status,Reason
customer-portals-api-version1,create-user,PUT,/business-units/{business-unit-id}/accounts/{account-id}/users/{user-id},https://api-shv-energy-test.boomi.cloud/ws/rest/portals/nl-hq/stage/v1/business-units/{business-unit-id}/accounts/{account-id}/users/{user-id},,[BusinessAPI]-[INT_CUSTOMER-PORTALS001]-[UpdateUser]-[Common]-[NL-HQ],Confirmed,REST route PUT business-units/{business-unit-id}/accounts/{account-id}/users/{user-id} found in the PROD API.
customer-portals-api-version1,delete-user,DELETE,/business-units/{business-unit-id}/accounts/{account-id}/users/{user-id},https://api-shv-energy-test.boomi.cloud/ws/rest/portals/nl-hq/stage/v1/business-units/{business-unit-id}/accounts/{account-id}/users/{user-id},,[BusinessAPI]-[INT_CUSTOMER-PORTALS001]-[UpdateUser]-[Common]-[NL-HQ],Confirmed,REST route DELETE business-units/{business-unit-id}/accounts/{account-id}/users/{user-id} found in the PROD API.
customer-portals-api-version1,account-delivery-points,GET,/business-units/{business-unit-id}/accounts/{account-id}/delivery-points,https://api-shv-energy-test.boomi.cloud/ws/odata2/portals/nl-hq/stage/v1/delivery-points?$filter=businessUnitId eq '{business-unit-id}' and accountId eq '{account-id}'&$format=json,OData operation: translated via the shared $filter-building logic.,[BusinessAPI]-[INT_CUSTOMER003]-[GetAccountDeliveryPoints]-[Common]-[NL-HQ],Confirmed,OData entity GET delivery-points found in the PROD API.
customer-portals-api-version1,list-prices,GET,/business-units/{business-unit-id}/accounts/{account-id}/list-prices,https://api-shv-energy-test.boomi.cloud/ws/odata2/portals/nl-hq/stage/v1/list-prices?$filter=businessUnitId eq '{business-unit-id}' and accountId eq '{account-id}'&$format=json,OData operation: translated via the shared $filter-building logic.,[BusinessAPI]-[INT_ORDERS006]-[GetListPrices]-[Common]-[NL-HQ],Confirmed,OData entity GET list-prices found in the PROD API.
customer-portals-api-version1,nexipaymentlink,POST,/business-units/{business-unit-id}/accounts/{account-id}/nexi-payment-link,https://api-shv-energy-test.boomi.cloud/ws/rest/portals/nl-hq/stage/v1/business-units/{business-unit-id}/account/{account-id}/getNexiPaymentLink,Own base-url named value (customer-portal-Boomi-base-url) + hardcoded Basic Auth credentials in the operation policy; bypasses the shared chain entirely (applicablePolicy=passthrough).,[Listener]-[LI-NL-HQ-005]-[Nexi Payment Link]-[Common]-[NL-HQ],Confirmed,REST route POST business-units/{business-unit-id}/account/{account-id}/getNexiPaymentLink found in the PROD API.
customers-api-version1,update-delivery-point,PATCH,/business-units/{business-unit-id}/accounts/{account-id}/delivery-points/{delivery-point-id},https://api-shv-energy-test.boomi.cloud/ws/rest/portals/nl-hq/stage/v1/business-units/{business-unit-id}/accounts/{account-id}/delivery-points/{delivery-point-id},,[BusinessAPI]-[INT_CUSTOMER005]-[UpdateDeliveryPoint]-[Common]-[NL-HQ],Confirmed,REST route PATCH business-units/{business-unit-id}/accounts/{account-id}/delivery-points/{delivery-point-id} found in the PROD API.
customers-api-version1,account-delivery-points-embed,GET,/business-units/{business-unit-id}/accounts/{account-id},https://api-shv-energy-test.boomi.cloud/ws/rest/portals/nl-hq/stage/v1/business-units/{business-unit-id}/accounts/{account-id},,[BusinessAPI]-[INT_CUSTOMER002]-[GetAccountDeliveryPoints(Embed)]-[Common]-[NL-HQ],Confirmed,REST route GET business-units/{business-unit-id}/accounts/{account-id} found in the PROD API.
customers-api-version1,update-account,PATCH,/business-units/{business-unit-id}/accounts/{account-id},N/A,Never reaches Boomi: operation returns a hardcoded mock-response 501 before any backend call.,None,No Boomi process,Operation never calls Boomi (see Notes).
customers-api-version1,contacts,GET,/business-units/{business-unit-Id}/accounts/{account-Id}/contacts,https://api-shv-energy-test.boomi.cloud/ws/rest/portals/nl-hq/stage/v1/business-units/{business-unit-Id}/accounts/{account-Id}/contacts,,[BusinessAPI]- [API_CUSTOMER009]-[GetContact]-[Common]-[NL-HQ],Not sure - manual review,Route has no HTTP method set in the PROD API (method comes from the process listener operation); confirm it accepts GET.
customers-api-version1,get-contract-accounts,GET,/business-units/{business-unit-id}/accounts/{account-id}/contract-accounts,https://api-shv-energy-test.boomi.cloud/ws/odata2/portals/nl-hq/stage/v1/contract-accounts?$filter=businessUnitId eq '{business-unit-id}' and accountId eq '{account-id}'&$format=json,OData operation: translated via the shared $filter-building logic.,[BusinessAPI]-[INT_CUSTOMER007]-[GetContract Accounts]-[Common]-[NL-HQ],Confirmed,OData entity GET contract-accounts found in the PROD API.
customers-api-version1,search-accounts,POST,/business-units/{business-unit-id}/accounts/search,https://api-shv-energy-test.boomi.cloud/ws/rest/portals/nl-hq/stage/v1/business-units/{business-unit-id}/accounts/search,,[BusinessAPI]-[INT_CUSTOMER001]-[SearchAccounts]-[Common]-[NL-HQ],Confirmed,REST route POST business-units/{business-unit-id}/accounts/search found in the PROD API.
customers-api-version1,account-delivery-points,GET,/business-units/{business-unit-id}/accounts/{account-id}/delivery-points,https://api-shv-energy-test.boomi.cloud/ws/odata2/portals/nl-hq/stage/v1/delivery-points?$filter=businessUnitId eq '{business-unit-id}' and accountId eq '{account-id}'&$format=json,OData operation: translated via the shared $filter-building logic.,[BusinessAPI]-[INT_CUSTOMER003]-[GetAccountDeliveryPoints]-[Common]-[NL-HQ],Confirmed,OData entity GET delivery-points found in the PROD API.
customers-api-version1,update-contact,PUT,/business-units/{business-unit-Id}/contacts,https://api-shv-energy-test.boomi.cloud/ws/rest/portals/nl-hq/stage/v1/business-units/{business-unit-Id}/contacts,,[BusinessAPI]-[API_CUSTOMER010]-[Update Contact]-[CRM]-[NL-HQ](main),Confirmed,REST route PUT business-units/{business-unit-Id}/contacts found in the PROD API.
assets-api-version1,submit-readings,POST,/business-units/{business-unit-id}/accounts/{account-id}/delivery-points/{delivery-address-id}/assets/{asset-id}/readings,https://api-shv-energy-test.boomi.cloud/ws/rest/portals/nl-hq/stage/v1/business-units/{business-unit-id}/accounts/{account-id}/delivery-points/{delivery-address-id}/assets/{asset-id}/readings,,[BusinessAPI]-[INT_ASSETS003]-[SubmitReadings]-[Common]-[NL-HQ],Confirmed,REST route POST business-units/{business-unit-id}/accounts/{account-id}/delivery-points/{delivery-address-id}/assets/{asset-id}/readings found in the PROD API.
assets-api-version1,get-readings,GET,/business-units/{business-unit-id}/accounts/{account-id}/delivery-points/{delivery-address-id}/assets/{asset-id}/readings,https://api-shv-energy-test.boomi.cloud/ws/odata2/portals/nl-hq/stage/v1/readings?$filter=businessUnitId eq '{business-unit-id}' and accountId eq '{account-id}' and deliveryAddressId eq '{delivery-address-id}' and assetId eq '{asset-id}'&$format=json,OData operation: translated via the shared $filter-building logic.,[BusinessAPI]-[INT_ASSETS004]-[GetReadings]-[Common]-[NL-HQ],Confirmed,OData entity GET readings found in the PROD API.
assets-api-version1,get-forecast-data,POST,/business-units/{business-unit-id}/accounts/{account-id}/getForecastData,https://api-shv-energy-test.boomi.cloud/ws/rest/portals/nl-hq/stage/v1/business-units/{business-unit-id}/accounts/{account-id}/getForecastData,,[BusinessAPI]-[INT_ASSETS006]-[Getforcasting Data]-[Common]-[NL-HQ],Not sure - manual review,"Path ""business-units/{business-unit-id}/accounts/{account-id}/getForecastData"" with POST is not defined in the PROD API (it exists only in the stage API; process shown is from stage)."
assets-api-version1,chekker-number-validation,POST,/business-units/{business-unit-Id}/accounts/{account-Id}/validatechekkernumber,https://api-shv-energy-test.boomi.cloud/ws/rest/portals/nl-hq/stage/v1/business-units/{business-unit-Id}/accounts/{account-Id}/validatechekkernumber,,[BusinessAPI]-[API_ASSETS007]-[PostCheckerNumberValidation]-[Common]-[NL-HQ],Confirmed,REST route POST business-units/{business-unit-Id}/accounts/{account-Id}/validatechekkernumber found in the PROD API.
assets-api-version1,consumptions,POST,/business-units/{business-unit-Id}/accounts/{account-Id}/delivery-points/{delivery-point-Id}/assets/{asset-Id}/consumptions,https://api-shv-energy-test.boomi.cloud/ws/rest/portals/nl-hq/stage/v1/business-units/{business-unit-Id}/accounts/{account-Id}/delivery-points/{delivery-point-Id}/assets/{asset-Id}/consumptions,,[BusinessAPI]-[INT_ASSETS008]-[GetConsumption]-[Common]-[NL-HQ],Confirmed,REST route POST business-units/{business-unit-Id}/accounts/{account-Id}/delivery-points/{delivery-point-Id}/assets/{asset-Id}/consumptions found in the PROD API.
assets-api-version1,get-delivery-point-asset,GET,/business-units/{business-unit-id}/accounts/{account-id}/delivery-points/{delivery-point-id}/assets/{asset-id},https://api-shv-energy-test.boomi.cloud/ws/rest/portals/nl-hq/stage/v1/business-units/{business-unit-id}/accounts/{account-id}/delivery-points/{delivery-point-id}/assets/{asset-id},,[BusinessAPI]-[INT_ASSETS002]-[GetAsset]-[Common]-[NL-HQ],Confirmed,REST route GET business-units/{business-unit-id}/accounts/{account-id}/delivery-points/{delivery-point-id}/assets/{asset-id} found in the PROD API.
assets-api-version1,get-delivery-point-assets,GET,/business-units/{business-unit-id}/accounts/{account-id}/delivery-points/{delivery-point-id}/assets,https://api-shv-energy-test.boomi.cloud/ws/rest/portals/nl-hq/stage/v1/business-units/{business-unit-id}/accounts/{account-id}/delivery-points/{delivery-point-id}/assets,,[BusinessAPI]-[INT_ASSETS001]-[GetAssets]-[Common]-[NL-HQ],Confirmed,REST route GET business-units/{business-unit-id}/accounts/{account-id}/delivery-points/{delivery-point-id}/assets found in the PROD API.
assets-api-version1,get-volume-monthly,GET,/business-units/{business-unit-Id}/accounts/{account-Id}/volumeMonthly,https://api-shv-energy-test.boomi.cloud/ws/odata2/portals/nl-hq/stage/v1/volumeMonthly?$filter=businessUnitId eq '{business-unit-Id}' and accountId eq '{account-Id}'&$format=json,OData operation: translated via the shared $filter-building logic.,[BusinessAPI]-[API_ASSETS010]-[Get VolumeMonthly]-[Common]-[NL-HQ],Confirmed,OData entity GET volumeMonthly found in the PROD API.
assets-api-version1,get-price,GET,/business-units/{business-unit-Id}/accounts/{account-Id}/price,https://api-shv-energy-test.boomi.cloud/ws/odata2/portals/nl-hq/stage/v1/price?$filter=businessUnitId eq '{business-unit-Id}' and accountId eq '{account-Id}'&$format=json,OData operation: translated via the shared $filter-building logic.,[BusinessAPI]-[API_ASSETS009]-[Get Price]-[CRM]-[NL-HQ]-[To]-[C360] (Main),Confirmed,OData entity GET price found in the PROD API.
contract-api-version1,get-contracts,GET,/business-units/{business-unit-id}/accounts/{account-id}/contracts,https://api-shv-energy-test.boomi.cloud/ws/odata2/portals/nl-hq/stage/v1/contracts?$filter=businessUnitId eq '{business-unit-id}' and accountId eq '{account-id}'&$format=json,OData operation: translated via the shared $filter-building logic.,[BusinessAPI]-[INT_CONTRACTS001]-[GetContract]-[Common]-[NL-HQ],Confirmed,OData entity GET contracts found in the PROD API.
deliveries-api-version1,get-deliveries,GET,/business-units/{business-unit-id}/accounts/{account-id}/deliveries,https://api-shv-energy-test.boomi.cloud/ws/odata2/portals/nl-hq/stage/v1/deliveries?$filter=businessUnitId eq '{business-unit-id}' and accountId eq '{account-id}'&$format=json,OData operation: translated via the shared $filter-building logic.,[BusinessAPI]-[INT_DELIVERIES001]-[GetDeliveries]-[Common]-[NL-HQ],Confirmed,OData entity GET deliveries found in the PROD API.
orders-api-version1,order-request,POST,/business-units/{business-unit-Id}/accounts/{account-Id}/orders,https://api-shv-energy-test.boomi.cloud/ws/rest/portals/nl-hq/stage/v1/business-units/{business-unit-Id}/accounts/{account-Id}/orders,,[BusinessAPI]-[INT_ORDERS001]-[CreateOrders]-[Common]-[NL-HQ],Confirmed,REST route POST business-units/{business-unit-Id}/accounts/{account-Id}/orders found in the PROD API.
orders-api-version1,order-confirmation-pricing,POST,/business-units/{business-unit-Id}/accounts/{account-Id}/simulateOrder,https://api-shv-energy-test.boomi.cloud/ws/rest/portals/nl-hq/stage/v1/business-units/{business-unit-Id}/accounts/{account-Id}/simulateOrder,,[BusinessAPI]-[INT_ORDERS005]-[Simulate Order]-[Common]-[NL-HQ],Confirmed,REST route POST business-units/{business-unit-Id}/accounts/{account-Id}/simulateOrder found in the PROD API.
orders-api-version1,delivery-point-price-option,POST,/business-units/{business-unit-Id}/accounts/{account-Id}/getPriceOptions,https://api-shv-energy-test.boomi.cloud/ws/rest/portals/nl-hq/stage/v1/business-units/{business-unit-Id}/accounts/{account-Id}/getPriceOptions,,[BusinessAPI]-[INT_ORDERS002]-[Getprice Options]-[Common]-[NL-HQ],Confirmed,REST route POST business-units/{business-unit-Id}/accounts/{account-Id}/getPriceOptions found in the PROD API.
orders-api-version1,get-orders,GET,/business-units/{business-unit-id}/accounts/{account-id}/orders,https://api-shv-energy-test.boomi.cloud/ws/odata2/portals/nl-hq/stage/v1/orders?$filter=businessUnitId eq '{business-unit-id}' and accountId eq '{account-id}'&$format=json,OData operation: translated via the shared $filter-building logic.,[BusinessAPI]-[INT_ORDERS003]-[GetOrders]-[Common]-[NL-HQ],Confirmed,OData entity GET orders found in the PROD API.
orders-api-version1,get-order,GET,/business-units/{business-unit-id}/accounts/{account-id}/orders/{order-id},https://shv-energy-test.boomi.cloud/ws/rest/portals/nl-hq/QA/v1/business-units/{business-unit-id}/accounts/{account-id}/orders/{order-id},"Hardcoded literal URL: different host spelling (missing ""api-"") and a QA path segment instead of ""stage""; does not use the shared named values, so won't follow an environment cut-over.",[BusinessAPI]-[INT_ORDERS004]-[GetOrder]-[Common]-[NL-HQ],Not sure - manual review,"Backend URL is hardcoded to the QA path and host, not stage."
orders-api-version1,list-prices,GET,/business-units/{business-unit-id}/accounts/{account-id}/list-prices,https://api-shv-energy-test.boomi.cloud/ws/odata2/portals/nl-hq/stage/v1/list-prices?$filter=businessUnitId eq '{business-unit-id}' and accountId eq '{account-id}'&$format=json,OData operation: translated via the shared $filter-building logic.,[BusinessAPI]-[INT_ORDERS006]-[GetListPrices]-[Common]-[NL-HQ],Confirmed,OData entity GET list-prices found in the PROD API.
payments-api-version1,update-payment-methods,PATCH,/business-units/{business-unit-Id}/accounts/{account-Id}/payment-methods/{payment-method-Id},https://api-shv-energy-test.boomi.cloud/ws/rest/portals/nl-hq/stage/v1/business-units/{business-unit-Id}/accounts/{account-Id}/payment-methods/{payment-method-Id},,[BusinessAPI]-[INT_PAYMENTS004]-[UpdatePaymentmethods]-[Common]-[NL-HQ],Confirmed,REST route PATCH business-units/{business-unit-Id}/accounts/{account-Id}/payment-methods/{payment-method-Id} found in the PROD API.
payments-api-version1,retrieve-payment-methods,GET,/business-units/{business-unit-Id}/accounts/{account-Id}/payment-methods,https://api-shv-energy-test.boomi.cloud/ws/rest/portals/nl-hq/stage/v1/business-units/{business-unit-Id}/accounts/{account-Id}/payment-methods,,[BusinessAPI]-[INT_PAYMENTS002]-[RetrievePaymentmethods]-[Common]-[NL-HQ],Confirmed,REST route GET business-units/{business-unit-Id}/accounts/{account-Id}/payment-methods found in the PROD API.
payments-api-version1,create-payment-methods,POST,/business-units/{business-unit-Id}/accounts/{account-Id}/payment-methods,https://api-shv-energy-test.boomi.cloud/ws/rest/portals/nl-hq/stage/v1/business-units/{business-unit-Id}/accounts/{account-Id}/payment-methods,,[BusinessAPI]-[INT_PAYMENTS003]-[CreatePayments]-[Common]-[NL-HQ],Confirmed,REST route POST business-units/{business-unit-Id}/accounts/{account-Id}/payment-methods found in the PROD API.
payments-api-version1,validate-payment-methods,POST,/business-units/{business-unit-Id}/accounts/{account-Id}/validatePaymentMethod,https://api-shv-energy-test.boomi.cloud/ws/rest/portals/nl-hq/stage/v1/business-units/{business-unit-Id}/accounts/{account-Id}/validatePaymentMethod,,[BusinessAPI]-[INT_PAYMENTS005]-[ValidatePayments]-[Common]-[NL-HQ],Confirmed,REST route POST business-units/{business-unit-Id}/accounts/{account-Id}/validatePaymentMethod found in the PROD API.
payments-api-version1,get-invoices,GET,/business-units/{business-unit-id}/accounts/{account-id}/invoices,https://api-shv-energy-test.boomi.cloud/ws/odata2/portals/nl-hq/stage/v1/invoices?$filter=businessUnitId eq '{business-unit-id}' and accountId eq '{account-id}'&$format=json,OData operation: translated via the shared $filter-building logic.,[BusinessAPI]-[INT_PAYMENTS001]-[GetInvoices]-[Common]-[NL-HQ],Confirmed,OData entity GET invoices found in the PROD API.
customer-support-api-version1,get-attachments,GET,/business-units/{business-unit-id}/accounts/{account-id}/queries/{query-id}/attachments,https://api-shv-energy-test.boomi.cloud/ws/odata2/portals/nl-hq/stage/v1/attachments?$filter=businessUnitId eq '{business-unit-id}' and accountId eq '{account-id}' and queryId eq '{query-id}'&$format=json,OData operation: translated via the shared $filter-building logic.,[BusinessAPI]-[INT_CUSTOMER-SUPPORT006]-[GetAttachmentlist]-[Common]-[NL-HQ],Not sure - manual review,"OData entity ""attachments"" is not defined in the PROD API (it exists only in the stage API; process shown is from stage)."
customer-support-api-version1,submit-attachments,POST,/business-units/{business-unit-id}/accounts/{account-id}/queries/{query-id}/attachments,https://cmpnlhqqstdtelemetryboom.blob.core.windows.net/ravipoc/{generated-file-name},"Goes to Azure Blob Storage directly, not Boomi; filename generated by the policy.",None,No Boomi process,Backend is not Boomi: cmpnlhqqstdtelemetryboom.blob.core.windows.net.
customer-support-api-version1,get-query,GET,/business-units/{business-unit-id}/accounts/{account-id}/queries/{query-id},https://api-shv-energy-test.boomi.cloud/ws/rest/portals/nl-hq/stage/v1/business-units/{business-unit-id}/accounts/{account-id}/queries/{query-id},,[BusinessAPI]-[INT_CUSTOMER-SUPPORT005]-[GetQueriesCommentsAttachment]-[Common]-[NL-HQ],Confirmed,REST route GET business-units/{business-unit-id}/accounts/{account-id}/queries/{query-id} found in the PROD API.
customer-support-api-version1,submit-comments,POST,/business-units/{business-unit-id}/accounts/{account-id}/queries/{query-id}/comments,https://api-shv-energy-test.boomi.cloud/ws/rest/portals/nl-hq/stage/v1/business-units/{business-unit-id}/accounts/{account-id}/queries/{query-id}/comments,,[BusinessAPI]-[INT_CUSTOMER-SUPPORT003]-[PostComment]-[Common]-[NL-HQ],Confirmed,REST route POST business-units/{business-unit-id}/accounts/{account-id}/queries/{query-id}/comments found in the PROD API.
customer-support-api-version1,get-comments,GET,/business-units/{business-unit-id}/accounts/{account-id}/queries/{query-id}/comments,https://api-shv-energy-test.boomi.cloud/ws/odata2/portals/nl-hq/stage/v1/comments?$filter=businessUnitId eq '{business-unit-id}' and accountId eq '{account-id}' and queryId eq '{query-id}'&$format=json,OData operation: translated via the shared $filter-building logic.,[BusinessAPI]-[INT_CUSTOMER-SUPPORT008]-[GetCommentlist]-[Common]-[NL-HQ],Not sure - manual review,"OData entity ""comments"" is not defined in the PROD API (it exists only in the stage API; process shown is from stage)."
customer-support-api-version1,get-attachment,GET,/business-units/{business-unit-id}/accounts/{account-id}/queries/{query-id}/attachments/{attachment-id},https://api-shv-energy-test.boomi.cloud/ws/rest/portals/nl-hq/stage/v1/business-units/{business-unit-id}/accounts/{account-id}/queries/{query-id}/attachments/{attachment-id},,[BusinessAPI]-[INT_CUSTOMER-SUPPORT007]-[GetAttachment]-[Common]-[NL-HQ],Confirmed,REST route GET business-units/{business-unit-id}/accounts/{account-id}/queries/{query-id}/attachments/{attachment-id} found in the PROD API.
customer-support-api-version1,submit-queries,POST,/business-units/{business-unit-id}/accounts/{account-id}/queries,https://api-shv-energy-test.boomi.cloud/ws/rest/portals/nl-hq/stage/v1/business-units/{business-unit-id}/accounts/{account-id}/queries,,[BusinessAPI]-[INT_CUSTOMER-SUPPORT001]-[CreateQuery]-[Common]-[NL-HQ],Confirmed,REST route POST business-units/{business-unit-id}/accounts/{account-id}/queries found in the PROD API.
customer-support-api-version1,get-queries,GET,/business-units/{business-unit-id}/accounts/{account-id}/queries,https://api-shv-energy-test.boomi.cloud/ws/odata2/portals/nl-hq/stage/v1/queries?$filter=businessUnitId eq '{business-unit-id}' and accountId eq '{account-id}'&$format=json,OData operation: translated via the shared $filter-building logic.,[BusinessAPI]-[INT_CUSTOMER-SUPPORT004]-[GetQueries]-[Common]-[NL-HQ],Confirmed,OData entity GET queries found in the PROD API.
customer-support-api-version1,file-scan-results,POST,/business-units/{business-unit-id}/accounts/{account-id}/file-scan-results,https://api-shv-energy-test.boomi.cloud/ws/rest/portals/nl-hq/stage/v1/business-units/OpswatFilescanResults,Dedicated file-scan-backend named value; request path parameters are dropped (not forwarded to this endpoint).,[Listener]-[LI-NL-HQ-006]-[File Scan Results]-[Customer Portal]-[NL-HQ]-[to]-[OPSWAT]-[NL-HQ],Not sure - manual review,Path parameters are dropped by APIM; check that the right route is hit.
document-management-api-version1,post-download-file,POST,/business-units/{business-unit-id}/accounts/{account-id}/downloadFile,https://api-shv-energy-test.boomi.cloud/ws/rest/portals/nl-hq/stage/v1/business-units/{business-unit-id}/accounts/{account-id}/downloadFile,,[BusinessAPI]-[INT_DOCUMENT-MANAGEMENT001]-[PostDownload File]-[Common]-[NL-HQ],Confirmed,REST route POST business-units/{business-unit-id}/accounts/{account-id}/downloadFile found in the PROD API.
document-management-api-version1,files,GET,/business-units/{business-unit-Id}/accounts/{account-Id}/files,https://api-shv-energy-test.boomi.cloud/ws/odata2/portals/nl-hq/stage/v1/files?$filter=businessUnitId eq '{business-unit-Id}' and accountId eq '{account-Id}'&$format=json,OData operation: translated via the shared $filter-building logic.,[BusinessAPI]-[INT_DOCUMENT_MANAGEMENT002]-[GetFiles]-[Common]-[NL-HQ],Confirmed,OData entity GET files found in the PROD API.
communications-api-version1,put-permissions,PUT,/business-units/{business-unit-id}/accounts/{account-id}/permission-types/{permission-type-Id},https://api-shv-energy-test.boomi.cloud/ws/rest/portals/nl-hq/stage/v1/business-units/{business-unit-id}/accounts/{account-id}/permission-types/{permission-type-Id},,[BusinessAPI]-[INT__DOCUMENT_COMMUNICATION004]-[PutPermissions]-[Common]-[NL-HQ],Confirmed,REST route PUT business-units/{business-unit-id}/accounts/{account-id}/permission-types/{permission-type-Id} found in the PROD API.
communications-api-version1,put-notifications,PUT,/business-units/{business-unit-id}/accounts/{account-id}/notification-types/{notification-type-Id},https://api-shv-energy-test.boomi.cloud/ws/rest/portals/nl-hq/stage/v1/business-units/{business-unit-id}/accounts/{account-id}/notification-types/{notification-type-Id},,[BusinessAPI]-[INT__DOCUMENT_COMMUNICATION002]-[PutNotifications]-[Common]-[NL-HQ],Confirmed,REST route PUT business-units/{business-unit-id}/accounts/{account-id}/notification-types/{notification-type-Id} found in the PROD API.
communications-api-version1,get-permissions,GET,/business-units/{business-unit-id}/accounts/{account-id}/permission-types,https://api-shv-energy-test.boomi.cloud/ws/odata2/portals/nl-hq/stage/v1/permission-types?$filter=businessUnitId eq '{business-unit-id}' and accountId eq '{account-id}'&$format=json,OData operation: translated via the shared $filter-building logic.,[BusinessAPI]-[INT__DOCUMENT_COMMUNICATION003]-[GetPermissions]-[Common]-[NL-HQ],Confirmed,OData entity GET permission-types found in the PROD API.
communications-api-version1,get-notifications,GET,/business-units/{business-unit-id}/accounts/{account-id}/notification-types,https://api-shv-energy-test.boomi.cloud/ws/odata2/portals/nl-hq/stage/v1/notification-types?$filter=businessUnitId eq '{business-unit-id}' and accountId eq '{account-id}'&$format=json,OData operation: translated via the shared $filter-building logic.,[BusinessAPI]-[INT__DOCUMENT_COMMUNICATION001]-[GetNotifications]-[Common]-[NL-HQ],Confirmed,OData entity GET notification-types found in the PROD API.
communications-api-version2,get-permissions,GET,/business-units/{business-unit-id}/accounts/{account-id}/permission-types,https://api-shv-energy-test.boomi.cloud/ws/odata2/portals/nl-hq/stage/v2/permission-types?$filter=businessUnitId eq '{business-unit-id}' and accountId eq '{account-id}'&$format=json,OData operation: translated via the shared $filter-building logic. Uses the v2 OData base path.,[BusinessAPI]-[INT__DOCUMENT_COMMUNICATION003]-[GetPermissions]-[Common]-[NL-HQ],Not sure - manual review,Portal calls portals/nl-hq/stage/v2; the PROD API only publishes portals/nl-hq/PROD/v1 (v2 not found in PROD API).
communications-api-version2,contacts,GET,/business-units/{business-unit-id}/accounts/{account-id}/contacts,https://api-shv-energy-test.boomi.cloud/ws/rest/portals/nl-hq/stage/v1/contacts,"Hardcoded literal URL pinned to the v1 stage REST path, despite being an operation on the v2 API.",Not found,Not sure - manual review,"Path ""contacts"" with GET is not defined in the PROD API or the stage API."
